{"accuracy": 0.7647058823529411, "specificity": 0.9466666666666667, "sensitivity": 0.25925925925925924}