{"accuracy": 0.7647058823529411, "specificity": 0.96, "sensitivity": 0.2222222222222222}